安庆,b'https://aq.lianjia.com/'
北京,b'https://bj.lianjia.com/'
保亭,b'https://bt.fang.lianjia.com/'
保定,b'https://bd.lianjia.com/'
北海,b'https://bh.lianjia.com/'
宝鸡,b'https://baoji.lianjia.com/'
成都,b'https://cd.lianjia.com/'
重庆,b'https://cq.lianjia.com/'
长沙,b'https://cs.lianjia.com/'
澄迈,b'https://cm.fang.lianjia.com/'
滁州,b'https://cz.fang.lianjia.com/'
长春,b'https://cc.lianjia.com/'
常德,b'https://changde.lianjia.com/'
常州,b'https://changzhou.lianjia.com/'
大连,b'https://dl.lianjia.com/'
东莞,b'https://dg.lianjia.com/'
儋州,b'https://dz.fang.lianjia.com/'
大理,b'https://dali.lianjia.com/'
德阳,b'https://dy.fang.lianjia.com/'
达州,b'https://dazhou.lianjia.com/'
丹东,b'https://dd.lianjia.com/'
鄂州,b'https://ez.lianjia.com/'
佛山,b'https://fs.lianjia.com/'
福州,b'https://fz.lianjia.com/'
防城港,b'https://fcg.lianjia.com/'
广州,b'https://gz.lianjia.com/'
贵阳,b'https://gy.lianjia.com/'
桂林,b'https://gl.lianjia.com/'
赣州,b'https://ganzhou.lianjia.com/'
杭州,b'https://hz.lianjia.com/'
惠州,b'https://hui.lianjia.com/'
海口,b'https://hk.lianjia.com/'
合肥,b'https://hf.lianjia.com/'
呼和浩特,b'https://hhht.lianjia.com/'
淮安,b'https://ha.lianjia.com/'
黄石,b'https://huangshi.lianjia.com/'
哈尔滨,b'https://hrb.lianjia.com/'
湖州,b'https://huzhou.lianjia.com/'
汉中,b'https://hanzhong.lianjia.com/'
济南,b'https://jn.lianjia.com/'
嘉兴,b'https://jx.lianjia.com/'
晋中,b'https://jz.fang.lianjia.com/'
江门,b'https://jiangmen.lianjia.com/'
金华,b'https://jh.lianjia.com/'
吉林,b'https://jl.lianjia.com/'
吉安,b'https://jian.lianjia.com/'
九江,b'https://jiujiang.lianjia.com/'
昆明,b'https://km.lianjia.com/'
开封,b'https://kf.lianjia.com/'
昆山,b'https://ks.lianjia.com/'
临沂,b'https://linyi.lianjia.com/'
陵水,b'https://ls.fang.lianjia.com/'
廊坊,b'https://lf.lianjia.com/'
临高,b'https://lg.fang.lianjia.com/'
乐东,b'https://ld.fang.lianjia.com/'
乐山,b'https://leshan.fang.lianjia.com/'
洛阳,b'https://luoyang.lianjia.com/'
兰州,b'https://lz.lianjia.com/'
柳州,b'https://liuzhou.lianjia.com/'
凉山,b'https://liangshan.lianjia.com/'
眉山,b'https://ms.fang.lianjia.com/'
绵阳,b'https://mianyang.lianjia.com/'
马鞍山,b'https://mas.lianjia.com/'
南京,b'https://nj.lianjia.com/'
南通,b'https://nt.lianjia.com/'
南充,b'https://nanchong.lianjia.com/'
南昌,b'https://nc.lianjia.com/'
宁波,b'https://nb.lianjia.com/'
南宁,b'https://nn.lianjia.com/'
青岛,b'https://qd.lianjia.com/'
琼海,b'https://qh.fang.lianjia.com/'
泉州,b'https://quanzhou.lianjia.com/'
清远,b'https://qy.lianjia.com/'
秦皇岛,b'https://qhd.fang.lianjia.com/'
上海,b'https://sh.lianjia.com/'
深圳,b'https://sz.lianjia.com/'
苏州,b'https://su.lianjia.com/'
石家庄,b'https://sjz.lianjia.com/'
沈阳,b'https://sy.lianjia.com/'
三亚,b'https://san.lianjia.com/'
绍兴,b'https://sx.lianjia.com/'
上饶,b'https://sr.lianjia.com/'
天津,b'https://tj.lianjia.com/'
唐山,b'https://ts.lianjia.com/'
太原,b'https://ty.lianjia.com/'
台州,b'https://taizhou.lianjia.com/'
泰安,b'https://ta.lianjia.com/'
武汉,b'https://wh.lianjia.com/'
温州,b'https://wz.lianjia.com/'
潍坊,b'https://wf.lianjia.com/'
无锡,b'https://wx.lianjia.com/'
文昌,b'https://wc.fang.lianjia.com/'
万宁,b'https://wn.fang.lianjia.com/'
五指山,b'https://wzs.fang.lianjia.com/'
威海,b'https://weihai.lianjia.com/'
芜湖,b'https://wuhu.lianjia.com/'
厦门,b'https://xm.lianjia.com/'
西安,b'https://xa.lianjia.com/'
徐州,b'https://xz.lianjia.com/'
西双版纳,b'https://xsbn.fang.lianjia.com/'
咸阳,b'https://xianyang.lianjia.com/'
新乡,b'https://xinxiang.lianjia.com/'
襄阳,b'https://xy.lianjia.com/'
许昌,b'https://xc.lianjia.com/'
